Page,Titre,Prix,URL,Ann√©e,Boite,Carburant,Couleur du v√©hicule,Cylindr√©e,Etat du v√©hicule,Kilom√©trage,Marque,Mod√®le,Puissance fiscale,Type de carrosserie
1,E300 kit AMG,1234DT,https://www.tayara.tn/item/687e83d4d5464a896cb29753/Voitures/Sousse/Sousse_Jawhara/E300_kit_AMG/,2021,Automatique,Hybride essence,Noir,2.0L,Avec kilom√©trage,44000,Mercedes-Benz,Classe E,12,Berline
1,AUDI A7 NEUF,280000DT,https://www.tayara.tn/item/68d25e0b516f1ddb82e10929/Voitures/Ariana/Cit_Ennasr_2/AUDI_A7_NEUF/,2019,Automatique,Essence,Noir,3.0L,Nouveau,22000,Audi,A7,23,Berline
1,Mercedes GLA 220d,145000DT,https://www.tayara.tn/item/68be16c8985e647fd0ea19bf/Voitures/Tunis/L_Aouina/Mercedes_GLA_220d/,2017,Automatique,Diesel,Gris,2.2L,RS,68000,Mercedes-Benz,Classe GLA,9,
1,Renault megane 4 sedan,53000DT,https://www.tayara.tn/item/6817d294c1f8f57898e9fd20/Voitures/Ariana/Ariana/_Renault_megane_4_sedan/,2021,Manuelle,Essence,Noir,1.2L,Avec kilom√©trage,60000,Renault,Megane,7,Berline
1,Ford Ecosport,52000DT,https://www.tayara.tn/item/6894c54bfde7ee723b46e0a2/Voitures/Ben_Arous/Boumhel/Ford_Ecosport/,2020,Manuelle,Essence,Bleu,<1.0L,Nouveau,62000,Ford,ECOSPORT,6,Compacte
1,Seat Arona,72500DT,https://www.tayara.tn/item/6894c2d7fde7ee723b46de5f/Voitures/Ben_Arous/Boumhel/Seat_Arona/,2023,Automatique,Essence,Bleu,<1.0L,Nouveau,102000,Seat,Arosa,6,Compacte
1,Grand I10 boite automatique,N/A,https://www.tayara.tn/item/68d3ca30516f1ddb82e1f175/Voitures/Nabeul/Dar_Chabane_El_Fehri/Grand_I10_boite_automatique/,,,Essence,Rouge,,,,Hyundai,Grand i10,4,
1,BMW F30 316i Sport Essence,55000DT,https://www.tayara.tn/item/6874dc29d5464a896cab9419/Voitures/Ariana/Ariana/BMW_F30_316i_Sport_Essence/,2013,Automatique,Essence,Gris,1.6L,Avec kilom√©trage,156000,BMW,Serie 3,7,Berline
1,GLA250e kit AMG,1234DT,https://www.tayara.tn/item/68d033e5516f1ddb82dfc506/Voitures/Sousse/Sousse_Jawhara/GLA250e_kit_AMG/,2021,Automatique,Hybride essence,Rouge,1.4L,Avec kilom√©trage,82000,Mercedes-Benz,Classe GLA,8,Berline
1,TIGGO 7 PRO: une vraie occasion en toutes options,69500DT,https://www.tayara.tn/item/687e87d9d5464a896cb29aaf/Voitures/Tunis/El_Manar_2/TIGGO_7_PRO_une_vraie_occasion_en_toutes_options/,2023,Automatique,Essence,Noir,,,67000,Chery,Tiggo,9,Autres
1,I20 1.2 fran√ßaises,58500DT,https://www.tayara.tn/item/68ce8cfc07c7711d7c71294b/Voitures/Mdenine/Djerba_Ajim/I20_12_franaises_/,2021,Manuelle,Essence,Blanc,1.2L,Nouveau,113000,Hyundai,I 20,4,Compacte
1,Renault Sc√©nic 4 nouveau import√© de France bo√Æte automatique diesel appeler le 29746445,N/A,https://www.tayara.tn/item/68d1132a27f4444694115536/Voitures/La_Manouba/Douar_Hicher/Renault_Scnic_4_nouveau_import_de_France_bote_automatique_diesel_appeler_le_29746445/,2020,Automatique,Diesel,Gris,1.7L,Nouveau,180,Renault,Scenic,1.7,Monospace
1,Belle Ford Focus Sedan,85000DT,https://www.tayara.tn/item/68d31455516f1ddb82e1a82d/Voitures/Tunis/La_Marsa/Belle_Ford_Focus_Sedan/,2023,Automatique,Essence,Blanc,1.5L,Avec kilom√©trage,33000,Ford,Focus,7,Berline
1,üì¢ √Ä VENDRE ‚Äì Mercedes-Benz E180 AMG Line -,123456DT,https://www.tayara.tn/item/68d29da9516f1ddb82e145b3/Voitures/Monastir/Tboulba/_VENDRE_MercedesBenz_E180_AMG_Line_/,2017,Automatique,Essence,Noir,1.6L,Avec kilom√©trage,180000,Mercedes-Benz,Classe E,9,Berline
1,Vente peugeot 2008,52000DT,https://www.tayara.tn/item/68c49e47e33e2deec93065d6/Voitures/Tunis/El_Manar_2/Vente_peugeot_2008/,2019,Automatique,Essence,Gris,1.2L,Nouveau,30000,Peugeot,2008,06,Autres
1,Mercedes C250 kit AMG Line,78000DT,https://www.tayara.tn/item/68a732e03398639ecd914377/Voitures/Mahdia/Mahdia/Mercedes_C250_kit_AMG_Line_/,2015,Automatique,Essence,Gris,2.0L,Avec kilom√©trage,217000,Mercedes-Benz,Classe C Coupe,12,Berline
1,Hyundai i30,77DT,https://www.tayara.tn/item/68d84b5707c7711d7c774548/Voitures/Tunis/Tunis/Hyundai_i30/,2020,Manuelle,Diesel,Blanc,1.6L,Avec kilom√©trage,94000,Hyundai,I 30,6,Berline
1,Voiture,50000DT,https://www.tayara.tn/item/68d849b107c7711d7c7743dd/Voitures/Kasserine/Kasserine/Voiture_/,2022,Manuelle,Essence,Rouge,3.0L,Avec kilom√©trage,70000,Opel,Corsa,,Autres
1,Hyundai IX35 import√©e üá©üá™,N/A,https://www.tayara.tn/item/68d8492d07c7711d7c77437c/Voitures/Tunis/Tunis/Hyundai_IX35_importe_/,2012,Manuelle,Diesel,Noir,1.7L,Avec kilom√©trage,224000,Hyundai,Ix 35,8,4 x 4
1,"Mercedes c200 anne 2009 klm 284.000
Avantgarde en tres bon etat moteur OM 646 bosh 
4 pneu neuuf 17 pouce 
Avendre ou echange dsiponible gafsa centre
en tres bon etat",40DT,https://www.tayara.tn/item/68d846a4516f1ddb82e4bd86/Voitures/Gafsa/Gafsa/Mercedes_c200_anne_2009_klm_284000Avantgarde_en_tres_bon_etat_moteur_OM_646_bosh_4_pneu_neuuf_17_pouce_Avendre_ou_echange_dsiponible_gafsa_centreen_tres_bon_etat_/,2009,Automatique,Diesel,Noir,2.2L,Nouveau,284,Mercedes-Benz,Classe C Coupe,7,Berline
1,cla pack night,140000DT,https://www.tayara.tn/item/6855c1c594cd0376dcc9be12/Voitures/Tunis/Lac_2/cla_pack_night_/,2021,Automatique,Essence,Blanc,1.5L,Avec kilom√©trage,72000,Mercedes-Benz,Classe CLA,7,Berline
1,Ford fiesta,31500DT,https://www.tayara.tn/item/68d842eb516f1ddb82e4ba9a/Voitures/Kairouan/Kairouan/Ford_fiesta_/,2016,Manuelle,Essence,Bleu,1.2L,Avec kilom√©trage,169000,Ford,Fiesta,5,Autres
1,passat b7 tdi blue motion,12333DT,https://www.tayara.tn/item/68d842c607c7711d7c773e59/Voitures/Le_Kef/Autres_Villes/passat_b7_tdi_blue_motion_/,2010,Manuelle,Diesel,Noir,1.6L,Nouveau,200,Volkswagen,Passat CC,5,Berline
1,Watsap0033 6 35 35 44 90 //+21698184481,45DT,https://www.tayara.tn/item/68d84214516f1ddb82e4b9f5/Voitures/Sousse/M_Saken/Watsap0033_6_35_35_44_90_21698184481/,2021,,,,,RS,,Renault,Megane,,
1,Golf 8 GTE,99000DT,https://www.tayara.tn/item/68d84184516f1ddb82e4b96e/Voitures/Tunis/La_Marsa/Golf_8_GTE/,,,Essence,Gris,1.4L,,43000,Volkswagen,Golf 8,,Compacte
1,Peugeot 301,23.5DT,https://www.tayara.tn/item/68d83f7407c7711d7c773ba7/Voitures/Tunis/El_Ouardia/Peugeot_301/,2018,Manuelle,Essence,Gris,,Avec kilom√©trage,141,Peugeot,301,5,Berline
1,Hyundai Grand i10,36000DT,https://www.tayara.tn/item/68d83e6507c7711d7c773ab9/Voitures/Sfax/Sakiet_Eddaer/Hyundai_Grand_i10/,1917,Manuelle,Essence,Blanc,1.2L,Nouveau,112000,Hyundai,I 10,5,
1,Volkswagen polo 7 neuf,N/A,https://www.tayara.tn/item/68d83dd307c7711d7c773a3a/Voitures/Ben_Arous/El_Mourouj/Volkswagen_polo_7_neuf/,2014,Manuelle,Essence,Noir,1.2L,Nouveau,121,Volkswagen,Polo,5,Berline
1,PEUGEOT RIFTER,N/A,https://www.tayara.tn/item/68d83dc907c7711d7c773a30/Voitures/Sousse/Khzema/PEUGEOT_RIFTER/,2021,Automatique,Diesel,Noir,1.6L,Avec kilom√©trage,141000,Peugeot,Partner,7,Berline
1,M√©gane 4,N/A,https://www.tayara.tn/item/68d83da2516f1ddb82e4b63d/Voitures/Monastir/Monastir/Mgane_4_/,2020,Manuelle,Diesel,Gris,1.5L,Nouveau,160000,Renault,Megane,6,Compacte
1,"√Ä VENDRE : Toyota CH-R ‚Äì Ann√©e 2021,  Tr√®s bon √©tat",81000DT,https://www.tayara.tn/item/68d83bf007c7711d7c773893/Voitures/Sfax/Sfax/_VENDRE_Toyota_CHR_Anne_2021_Trs_bon_tat/,2021,Automatique,Essence,Autre,1.2L,Avec kilom√©trage,113900,Toyota,C-HR,6,Autres
1,CITRO√ãN C 3 PREMI√àRE MAIN EN √âTAT NEUF,34500DT,https://www.tayara.tn/item/68d83b6f516f1ddb82e4b472/Voitures/Ariana/Borj_Louzir/CITRON_C_3_PREMIRE_MAIN_EN_TAT_NEUF_/,2020,Manuelle,Essence,Noir,1.2L,Avec kilom√©trage,90000,Citroen,C3,4,Berline
1,CITRO√ãN C 3 PREMI√àRE MAIN EN √âTAT NEUF,34500DT,https://www.tayara.tn/item/68d83b28516f1ddb82e4b433/Voitures/Ariana/Borj_Louzir/CITRON_C_3_PREMIRE_MAIN_EN_TAT_NEUF_/,2020,Manuelle,Essence,Noir,1.2L,Avec kilom√©trage,90000,Citroen,C35,4,Berline
1,voiture,N/A,https://www.tayara.tn/item/68d8395f516f1ddb82e4b2a8/Voitures/Ben_Arous/Rads/voiture_/,2023,Automatique,Essence,Blanc,3.0L,Avec kilom√©trage,48000,Seat,Ibiza,6,Compacte
1,huyndai i10 boite auto,N/A,https://www.tayara.tn/item/68d836f7516f1ddb82e4b0d0/Voitures/Ariana/Borj_Louzir/huyndai_i10_boite_auto_/,2022,Automatique,Essence,Noir,1.2L,Nouveau,116,Hyundai,I 10,5,Compacte
1,renault trafic,5700DT,https://www.tayara.tn/item/68d8315b516f1ddb82e4acbd/Voitures/Sfax/El_Amra/renault_trafic/,2000,Manuelle,Diesel,Blanc,<1.0L,Avec kilom√©trage,350000,Renault,Trafic,06,Autres
1,Ibiza xcellence,54000DT,https://www.tayara.tn/item/68d8309e07c7711d7c772f98/Voitures/Ben_Arous/Medina_Jedida/Ibiza_xcellence_/,2020,Manuelle,Essence,Blanc,<1.0L,Avec kilom√©trage,112000,Seat,Ibiza,5,Compacte
1,Citro√´n c1 importer,N/A,https://www.tayara.tn/item/68d8303b07c7711d7c772f5c/Voitures/Tunis/Tunis_Belvedere/Citron_c1_importer_/,2021,Manuelle,Essence,Noir,<1.0L,Avec kilom√©trage,105,Citroen,C1,4,Berline
1,Golf 8 Tsi √† vendre,82000DT,https://www.tayara.tn/item/68d82e9107c7711d7c772e17/Voitures/Sousse/Sousse/Golf_8_Tsi_vendre/,2021,,Essence,Vert,1.8L,Avec kilom√©trage,95000,Volkswagen,Golf,6,Compacte
1,Fiat 500c cabriolet,29500DT,https://www.tayara.tn/item/68d82e2707c7711d7c772dc6/Voitures/Tunis/Ain_Zaghouen/Fiat_500c_cabriolet_/,2011,Manuelle,Essence,Blanc,1.1L,Avec kilom√©trage,176000,Fiat,500C,4,Compacte
1,Nissan Qashqai Tekna+,82000DT,https://www.tayara.tn/item/68d82ce8516f1ddb82e4a954/Voitures/Ariana/La_Soukra/Nissan_Qashqai_Tekna/,2018,Automatique,Essence,Blanc,1.2L,Avec kilom√©trage,63000,Nissan,Qashqai,6,Compacte
1,Suzuki ertiga BVA GLX 7 places,53000DT,https://www.tayara.tn/item/68d82cae07c7711d7c772c88/Voitures/Ariana/La_Soukra/Suzuki_ertiga_BVA_GLX_7_places_/,2021,Automatique,Essence,Noir,1.5L,Avec kilom√©trage,92000,Suzuki,Grand Vitara,6,Monospace
1,Suzuki Vitara BVA TOIT OUVRANT,56500DT,https://www.tayara.tn/item/68d82ca407c7711d7c772c7c/Voitures/Ariana/La_Soukra/Suzuki_Vitara_BVA_TOIT_OUVRANT_/,2017,Automatique,Essence,Orange,1.6L,Avec kilom√©trage,205000,Suzuki,Vitara,6,4 x 4
1,Peugeot 208,28500DT,https://www.tayara.tn/item/68d82c85516f1ddb82e4a8f2/Voitures/Ariana/La_Soukra/Peugeot_208/,2020,Manuelle,Essence,Noir,1.2L,Avec kilom√©trage,133000,Peugeot,208,5,Compacte
1,Dacia Sandero 2023,38900DT,https://www.tayara.tn/item/68d82c79516f1ddb82e4a8e8/Voitures/Ariana/La_Soukra/Dacia_Sandero_2023/,2023,Manuelle,Essence,Bleu,<1.0L,Avec kilom√©trage,112000,Dacia,Sandero,5,Compacte
1,Renault Express,15000DT,https://www.tayara.tn/item/68d82be607c7711d7c772bc0/Voitures/Ariana/Ariana/Renault_Express/,2024,Manuelle,Diesel,Blanc,1.5L,Avec kilom√©trage,75000,Renault,Express,5,Utilitaire
2,7 places tiggo 8 jdida bacou,N/A,https://www.tayara.tn/item/68d82bd707c7711d7c772bb5/Voitures/Sfax/Sfax/7_places_tiggo_8_jdida_bacou_/,2022,Automatique,Essence,Bleu,1.5L,Nouveau,55000,Chery,Tiggo,9,4 x 4
2,ÿ™ÿµŸÑŸäÿ≠ ŸÉÿ±ÿßÿ≥Ÿä ÿßŸÑÿ¥ÿßÿ≠ŸÜÿßÿ™,N/A,https://www.tayara.tn/item/68d82bc7516f1ddb82e4a84d/Voitures/Ben_Arous/Ben_Arous/_/,2025,Automatique,Diesel,Dor√©,1.8L,Nouveau,1,Iveco,Trakker,1,Compacte
2,M√©gane 2 dci 1.5 Delphi,18500DT,https://www.tayara.tn/item/68d82a8107c7711d7c772a9b/Voitures/Monastir/Sahline/Mgane_2_dci_15_Delphi/,2003,Manuelle,Diesel,,,,20000,,,5,
2,Renault megane fin 2014,42000DT,https://www.tayara.tn/item/68d827d607c7711d7c7728c6/Voitures/Sousse/Enfidha/Renault_megane_fin_2014/,2014,Manuelle,Diesel,Noir,1.5L,Avec kilom√©trage,200000,Renault,Megane,5,Compacte
2,MERCEDES W212 - Essence 173MKM,78000DT,https://www.tayara.tn/item/68d827bf07c7711d7c7728ad/Voitures/Sfax/Sfax/MERCEDES_W212_Essence_173MKM/,2015,Automatique,Essence,Noir,1.8L,Avec kilom√©trage,173000,Mercedes-Benz,Classe E,9,Berline
2,AUDI A6 2.0L TDI 1 √®re ‚úãmain,68000DT,https://www.tayara.tn/item/68d826f307c7711d7c772830/Voitures/Ariana/Riadh_Andalous/_AUDI_A6_20L_TDI_1_re_main_/,2013,Automatique,Diesel,Gris,2.0L,Avec kilom√©trage,108000,Audi,A6,9,Berline
2,Une tr√®s belle voiture,N/A,https://www.tayara.tn/item/68d8269207c7711d7c7727e5/Voitures/Mahdia/Chebba/Une_trs_belle_voiture/,2000,Manuelle,Diesel,Blanc,1.9L,Avec kilom√©trage,153000,Ford,Galaxy,6,Autres
2,megane 2,20DT,https://www.tayara.tn/item/68d825b507c7711d7c772718/Voitures/Tunis/Agba/megane_2/,2004,Manuelle,Essence,Noir,1.4L,Avec kilom√©trage,200000,Renault,Megane CC,7,Berline
2,Mercedes C180,78000DT,https://www.tayara.tn/item/68d824b407c7711d7c772635/Voitures/Sfax/Sakiet_Ezzit/Mercedes_C180/,2018,Manuelle,Diesel,Noir,1.6L,RS,155000,Mercedes-Benz,Classe C Coupe,6,Berline
2,Peugeot 307 cc,21000DT,https://www.tayara.tn/item/68d82375516f1ddb82e4a289/Voitures/Nabeul/Bou_Argoub/Peugeot_307_cc/,2008,,Essence,Noir,,,226500,Peugeot,,,
2,megane 4,47500DT,https://www.tayara.tn/item/68d8233e07c7711d7c77253d/Voitures/Ben_Arous/Boumhel/megane_4_/,2019,Manuelle,Essence,Gris,1.2L,Avec kilom√©trage,133000,Renault,Megane,130,Berline
2,"A vendre MG5 confort BVM, 4 cylindres, 6CV",50000DT,https://www.tayara.tn/item/68d8219f516f1ddb82e4a178/Voitures/Ariana/Borj_Louzir/A_vendre_MG5_confort_BVM_4_cylindres_6CV/,2021,Manuelle,Essence,Bleu,1.5L,Avec kilom√©trage,90000,MG,5,6,Berline
2,Tucson √† vendre,N/A,https://www.tayara.tn/item/68d81fc4516f1ddb82e4a053/Voitures/Nabeul/Menzel_Temime/Tucson_vendre/,2019,Automatique,Essence,Noir,1.6L,Avec kilom√©trage,28000,Hyundai,Tucson,8,Berline
2,Fiat 500,38500DT,https://www.tayara.tn/item/688a22ecd69a89221d409ddc/Voitures/Tunis/La_Marsa/Fiat_500/,2018,Automatique,Essence,Bleu,1.2L,Avec kilom√©trage,112000,Fiat,500,4,Compacte
2,Voiture ax,3700DT,https://www.tayara.tn/item/68d81d0d516f1ddb82e49e71/Voitures/Tunis/Tunis/Voiture_ax/,1997,Manuelle,Essence,Rouge,3.0L,Non d√©douann√©,00000,Citroen,AX,4,Autres
2,Ssangyong Actyon A200,123DT,https://www.tayara.tn/item/68d81ce707c7711d7c772160/Voitures/Sfax/Route_El_Afrane/Ssangyong_Actyon_A200/,2012,Manuelle,Diesel,Blanc,2.0L,Avec kilom√©trage,188000,Ssangyong,Actyon,7,Pick up
2,bmw serie 320i coup√© kit M full options  √©tat neuf,N/A,https://www.tayara.tn/item/68d81cd0516f1ddb82e49e4a/Voitures/Tunis/Tunis/bmw_serie_320i_coup_kit_M_full_options_tat_neuf_/,2012,Manuelle,Essence,Blanc,2.0L,Avec kilom√©trage,155000,BMW,Serie 3 GT,10,Utilitaire
2,Volkswagen amarok bva biturbo high-line plus √©dition limit√©,N/A,https://www.tayara.tn/item/68d81c8a516f1ddb82e49e21/Voitures/Ariana/Ariana_Essoughra/Volkswagen_amarok_bva_biturbo_highline_plus_dition_limit_/,2017,Automatique,Diesel,Noir,2.0L,Avec kilom√©trage,130000,Volkswagen,Amarok,7,4 x 4
2,bmw x1 essence 2l restyl√© phase 2 kit M individuel full options,N/A,https://www.tayara.tn/item/68d81c3f516f1ddb82e49e07/Voitures/Ariana/Ariana_Essoughra/bmw_x1_essence_2l_restyl_phase_2_kit_M_individuel_full_options_/,2015,Manuelle,Essence,Bleu,2.0L,Avec kilom√©trage,155000,BMW,X1,9,Utilitaire
2,Kia sorento,53000DT,https://www.tayara.tn/item/68d81bf707c7711d7c7720de/Voitures/Sousse/Khzema/Kia_sorento_/,2013,Automatique,Diesel,Noir,2.2L,Avec kilom√©trage,220400,Kia,Sorento,12,4 x 4
2,Mercedes Class A Berlin Pack AMG,135000DT,https://www.tayara.tn/item/68d81bec516f1ddb82e49dd1/Voitures/Sousse/Sahloul/Mercedes_Class_A_Berlin_Pack_AMG/,2020,Automatique,Essence,Blanc,1.4L,Avec kilom√©trage,32000,Mercedes-Benz,Classe A,7,Berline
2,MG one sur leasing,32DT,https://www.tayara.tn/item/68d81b5807c7711d7c772085/Voitures/Tunis/La_Marsa/MG_one_sur_leasing_/,2025,Automatique,Essence,Noir,1.5L,Nouveau,25000,MG,HS,10,4 x 4
2,Mg ZS,53000DT,https://www.tayara.tn/item/68d8192507c7711d7c771ef8/Voitures/Gabs/Gabs_Mdina/Mg_ZS/,,Automatique,Essence,,,,142000,,,,
2,Glc300e kit AMG,1234DT,https://www.tayara.tn/item/68939db6fde7ee723b4618c5/Voitures/Sousse/Sousse_Jawhara/Glc300e_kit_AMG/,2021,Automatique,Hybride essence,Noir,2.0L,Avec kilom√©trage,66000,Mercedes-Benz,Classe GLC,12,4 x 4
2,B250e kit Amg,1234DT,https://www.tayara.tn/item/6818bd47c1f8f57898ea91d6/Voitures/Sousse/Sousse_Jawhara/B250e_kit_Amg/,2021,Automatique,Hybride essence,Gris,1.4L,Avec kilom√©trage,41000,Mercedes-Benz,Classe B,8,Berline
2,E300 kit AMG,1234DT,https://www.tayara.tn/item/687e83d4d5464a896cb29753/Voitures/Sousse/Sousse_Jawhara/E300_kit_AMG/,2021,Automatique,Hybride essence,Noir,2.0L,Avec kilom√©trage,44000,Mercedes-Benz,Classe E,12,Berline
2,GLE 350 de kit AMG,1234DT,https://www.tayara.tn/item/67d4b49afd1c6385be352d4f/Voitures/Sousse/Sousse_Jawhara/GLE_350_de_kit_AMG/,2021,Automatique,Hybride Diesel,Blanc,2.0L,Avec kilom√©trage,65000,Mercedes-Benz,Classe GLE,11,4 x 4
2,Voiture,N/A,https://www.tayara.tn/item/68d817c6516f1ddb82e49ae1/Voitures/Sfax/Sfax/Voiture/,1998,Manuelle,Essence,Gris,1.2L,Avec kilom√©trage,289.000,Renault,Clio,4,Autres
2,BMW 318i model 2016,57500DT,https://www.tayara.tn/item/68d8157307c7711d7c771c18/Voitures/Tunis/El_Omrane_Suprieur/BMW_318i_model_2016_/,2016,Manuelle,Essence,Noir,1.5L,Avec kilom√©trage,171000,BMW,Serie 3,7,Berline
2,Dacia sandero stepway,61000DT,https://www.tayara.tn/item/68d8146107c7711d7c771b32/Voitures/Ben_Arous/Ezzahra/Dacia_sandero_stepway_/,2021,Manuelle,Essence,Marron,<1.0L,Nouveau,43000,Dacia,Sandero,5,Autres
3,KIA RIO COUP√â PREMI√àRE MAIN EN √âTAT NEUF,N/A,https://www.tayara.tn/item/68d813e9516f1ddb82e497d9/Voitures/Bizerte/Bizerte/KIA_RIO_COUP_PREMIRE_MAIN_EN_TAT_NEUF_/,2022,Manuelle,Essence,Noir,1.2L,Avec kilom√©trage,71000,Kia,Rio,5,Berline
3,504 lel bi3 fe bouhajla üìû56606329üìû,1300DT,https://www.tayara.tn/item/68d81337516f1ddb82e4974d/Voitures/Kairouan/Bouhajla/504_lel_bi3_fe_bouhajla_56606329/,1800,Automatique,Diesel,Blanc,1.7L,Avec kilom√©trage,9999999,Peugeot,505,000,Autres
3,nissan Qashqai,73000DT,https://www.tayara.tn/item/68d811f007c7711d7c77190d/Voitures/Sfax/Sfax/nissan_Qashqai_/,2018,Manuelle,Essence,Blanc,1.4L,Nouveau,131,Nissan,Qashqai,6,4 x 4
3,307 ndhifa faible kilometrage,22200DT,https://www.tayara.tn/item/68d811ab07c7711d7c7718d1/Voitures/Sousse/Sousse/307_ndhifa_faible_kilometrage/,2003,Manuelle,Essence,Bleu,1.6L,Avec kilom√©trage,130000,,,,Berline
3,Fiat panda,N/A,https://www.tayara.tn/item/68d810d607c7711d7c771833/Voitures/Bizerte/Bizerte/Fiat_panda/,2009,Manuelle,Essence,Bleu,1.2L,Nouveau,200,Fiat,Panda,4,Autres
3,Peugeot 208,41500DT,https://www.tayara.tn/item/68d810bc07c7711d7c771820/Voitures/Tunis/Lac_1/Peugeot_208_/,2023,Manuelle,Essence,Blanc,<1.0L,Avec kilom√©trage,41000,Peugeot,208,4,Compacte
3,A.v kia rio essence ‚õΩÔ∏è,N/A,https://www.tayara.tn/item/68d810af516f1ddb82e49547/Voitures/Monastir/Ksar_Hellal/Av_kia_rio_essence_/,2014,Manuelle,Essence,Marron,1.4L,Avec kilom√©trage,11,Kia,Rio,5,Berline
3,voiture 7 places 4*4,39DT,https://www.tayara.tn/item/68d8104407c7711d7c77179b/Voitures/Sfax/Sfax/voiture_7_places_44/,2010,Automatique,Essence,Marron,3.5L,Avec kilom√©trage,300,Mazda,CX-9,20,4 x 4
3,k9 jdida bacou 50256255,N/A,https://www.tayara.tn/item/68d8103907c7711d7c771790/Voitures/Sfax/Route_GREMDA/k9_jdida_bacou_50256255/,2022,Manuelle,Diesel,Blanc,1.6L,Nouveau,110,Peugeot,Partner,5,Berline
3,Renauld master,17500DT,https://www.tayara.tn/item/68d81023516f1ddb82e494b8/Voitures/Sousse/Sousse_Mdina/Renauld_master_/,2011,Manuelle,Diesel,Rouge,1.9L,Avec kilom√©trage,1000,Renault,Master,7,Berline
3,t√©l 22214299,7777777DT,https://www.tayara.tn/item/68d80daa07c7711d7c7715a8/Voitures/Monastir/Monastir/tl_22214299/,2006,Manuelle,Essence,Gris,1.6L,Avec kilom√©trage,100000,Peugeot,407,6,Berline
3,Renault Clio,N/A,https://www.tayara.tn/item/68d80d29516f1ddb82e4925b/Voitures/Jendouba/Jendouba/Renault_Clio_/,2019,Manuelle,Essence,Blanc,1.2L,Avec kilom√©trage,124000,Renault,Clio,5,Berline
3,A vendre une belle fiat Punto 3,N/A,https://www.tayara.tn/item/68d80ce507c7711d7c7714f9/Voitures/Bizerte/Utique/A_vendre_une_belle_fiat_Punto_3_/,2008,Manuelle,Essence,Noir,>4.0L,Avec kilom√©trage,250000,Fiat,Punto,5,Autres
3,Dmax ÿÆŸÑŸäÿ¨Ÿäÿ© Zero Km,105000000DT,https://www.tayara.tn/item/68d80b37516f1ddb82e490af/Voitures/Sidi_Bouzid/Sidi_Bouzid_Est/Dmax_Zero_Km/,2024,Manuelle,Diesel,Blanc,2.5L,Nouveau,2000,Isuzu,D-MAX,,Pick up
3,Peugeot 208,32DT,https://www.tayara.tn/item/68d80af107c7711d7c771357/Voitures/Sfax/Sfax_Mdina/Peugeot_208/,2014,Manuelle,Essence,Gris,,Avec kilom√©trage,26000,Peugeot,208,,
3,symbole peinture orgiene kol,2DT,https://www.tayara.tn/item/68d80a3507c7711d7c7712b8/Voitures/Mahdia/El_Jem/symbole_peinture_orgiene_kol_/,2010,Manuelle,Essence,Noir,1.4L,Avec kilom√©trage,5,Renault,Symbol,5,Berline
3,La Nouvelle Chery Tiggo 8 Pro 2023,N/A,https://www.tayara.tn/item/68d809d607c7711d7c771274/Voitures/Ariana/Cit_Ennasr_2/La_Nouvelle_Chery_Tiggo_8_Pro_2023/,2023,Automatique,Essence,Violet,1.6L,Nouveau,30,Chery,Tiggo,10,Monospace
3,hyundai I20 OCCASION en OR,51000DT,https://www.tayara.tn/item/68d8095f516f1ddb82e48f36/Voitures/Tunis/Tunis/hyundai_I20_OCCASION_en_OR_/,2022,Automatique,Essence,Gris,1.2L,Avec kilom√©trage,98000,Hyundai,I 20,5,Berline
3,Mazda 3,37000DT,https://www.tayara.tn/item/68d808f7516f1ddb82e48ede/Voitures/Ariana/Ariana/Mazda_3_/,2018,Manuelle,Essence,Blanc,1.6L,Avec kilom√©trage,130000,Mazda,3,6,Compacte
3,Vw tiguan,70000DT,https://www.tayara.tn/item/68d808c9516f1ddb82e48ebc/Voitures/Gafsa/Sidi_Ach/Vw_tiguan_/,2015,Automatique,Essence,Gris,1.4L,Avec kilom√©trage,125000,Volkswagen,Tiguan,9,Autres
3,Golf 6 1√®re main import√© de l'allemagne a vendre ou √©change,N/A,https://www.tayara.tn/item/68d805cf516f1ddb82e48c96/Voitures/Ben_Arous/El_Mourouj/Golf_6_1re_main_import_de_lallemagne_a_vendre_ou_change_/,2010,Manuelle,Essence,Noir,1.2L,Avec kilom√©trage,250000,Volkswagen,Golf 6,7,Compacte
3,Golf 6 1√®re main import√© de l'allemagne a vendre ou √©change,N/A,https://www.tayara.tn/item/68d805c607c7711d7c770f31/Voitures/Sfax/Route_GREMDA/Golf_6_1re_main_import_de_lallemagne_a_vendre_ou_change_/,2010,Manuelle,Essence,Noir,1.2L,Avec kilom√©trage,250000,Volkswagen,Golf 6,7,Compacte
3,Nissan NAVARA,55000DT,https://www.tayara.tn/item/68d803f9516f1ddb82e48b3d/Voitures/Nabeul/Bni_Khiar/Nissan_NAVARA/,2011,Manuelle,Diesel,Blanc,>4.0L,Nouveau,318000,Nissan,Navara,8,4 x 4
3,symbole 1,27300DT,https://www.tayara.tn/item/68d8022d516f1ddb82e489ee/Voitures/Tunis/Tunis/symbole_1/,2010,Manuelle,Essence,Gris,1.2L,Avec kilom√©trage,220000,Renault,Symbol,5,Berline
3,Avendre Nissan Navara,N/A,https://www.tayara.tn/item/68d8015c07c7711d7c770be6/Voitures/Tunis/El_Omrane_Suprieur/Avendre_Nissan_Navara/,2024,Manuelle,Diesel,Gris,2.5L,Nouveau,50,Nissan,Navara,,
3,Mercedes GLA 200d 4 Matic,85000DT,https://www.tayara.tn/item/68d8010307c7711d7c770ba4/Voitures/Nabeul/Bni_Khiar/Mercedes_GLA_200d_4_Matic/,2016,Automatique,Diesel,Marron,2.0L,Avec kilom√©trage,188,Mercedes-Benz,Classe CLA,7,Compacte
3,Grand i10 sedan,37500DT,https://www.tayara.tn/item/68d8009b07c7711d7c770b5a/Voitures/Tunis/La_Marsa/Grand_i10_sedan/,2022,Manuelle,Essence,Blanc,1.2L,Avec kilom√©trage,100000,Hyundai,Grand i10,5,Berline
3,Hyundai Grand I10,37500DT,https://www.tayara.tn/item/68d8007807c7711d7c770b42/Voitures/Tunis/Sidi_Bou_Said/Hyundai_Grand_I10/,2022,Manuelle,Essence,Gris,1.2L,Avec kilom√©trage,100000,Hyundai,Grand i10,5,Compacte
3,Kia Rio,N/A,https://www.tayara.tn/item/68d8005c07c7711d7c770b32/Voitures/Tunis/Sidi_Bou_Said/Kia_Rio/,2022,Manuelle,Essence,Gris,1.2L,Avec kilom√©trage,100000,Kia,Rio,5,Compacte
3,BMW X1 HYBRIDE,10DT,https://www.tayara.tn/item/68d01c8307c7711d7c722f2c/Voitures/Sfax/Sfax_Ville/BMW_X1_HYBRIDE_/,2021,Automatique,Hybride essence,Bleu,1.5L,Avec kilom√©trage,100,BMW,X1,6,4 x 4
